"token_id","from_address","to_address"
"50312040028","0x383FB8793294D82B3c20bf04c10f4B9B9cB2ACA7","0xAA22282AdE847a56befd82F2950479dFb0cd4F54"
"40007870084","0x383FB8793294D82B3c20bf04c10f4B9B9cB2ACA7","0xAA22282AdE847a56befd82F2950479dFb0cd4F54"
"50712000041","0x383FB8793294D82B3c20bf04c10f4B9B9cB2ACA7","0xcC6f4CCb0D34D8cC04b41CB4C2eC082EcFA64Eb1"
"50702440005","0x383FB8793294D82B3c20bf04c10f4B9B9cB2ACA7","0xFCBBdF31E9840807582f1F3571293b97918c1E4d"
"50702440004","0x383FB8793294D82B3c20bf04c10f4B9B9cB2ACA7","0xFCBBdF31E9840807582f1F3571293b97918c1E4d"
"50702440001","0x383FB8793294D82B3c20bf04c10f4B9B9cB2ACA7","0xFCBBdF31E9840807582f1F3571293b97918c1E4d"
"40202760057","0x383FB8793294D82B3c20bf04c10f4B9B9cB2ACA7","0xCBE408A5E4ae1BdB9e767f6345f2Ab6638D4ACbb"
"40202760009","0x383FB8793294D82B3c20bf04c10f4B9B9cB2ACA7","0xCBE408A5E4ae1BdB9e767f6345f2Ab6638D4ACbb"
"40202760018","0x383FB8793294D82B3c20bf04c10f4B9B9cB2ACA7","0xCBE408A5E4ae1BdB9e767f6345f2Ab6638D4ACbb"
"40202760019","0x383FB8793294D82B3c20bf04c10f4B9B9cB2ACA7","0xCBE408A5E4ae1BdB9e767f6345f2Ab6638D4ACbb"
"40202760024","0x383FB8793294D82B3c20bf04c10f4B9B9cB2ACA7","0xCBE408A5E4ae1BdB9e767f6345f2Ab6638D4ACbb"
"40202760031","0x383FB8793294D82B3c20bf04c10f4B9B9cB2ACA7","0xCBE408A5E4ae1BdB9e767f6345f2Ab6638D4ACbb"
"40202760038","0x383FB8793294D82B3c20bf04c10f4B9B9cB2ACA7","0xCBE408A5E4ae1BdB9e767f6345f2Ab6638D4ACbb"
"40202760039","0x383FB8793294D82B3c20bf04c10f4B9B9cB2ACA7","0xCBE408A5E4ae1BdB9e767f6345f2Ab6638D4ACbb"
"40202760053","0x383FB8793294D82B3c20bf04c10f4B9B9cB2ACA7","0xCBE408A5E4ae1BdB9e767f6345f2Ab6638D4ACbb"
"40202760073","0x383FB8793294D82B3c20bf04c10f4B9B9cB2ACA7","0xCBE408A5E4ae1BdB9e767f6345f2Ab6638D4ACbb"
"40202760078","0x383FB8793294D82B3c20bf04c10f4B9B9cB2ACA7","0xCBE408A5E4ae1BdB9e767f6345f2Ab6638D4ACbb"
"40202760082","0x383FB8793294D82B3c20bf04c10f4B9B9cB2ACA7","0xCBE408A5E4ae1BdB9e767f6345f2Ab6638D4ACbb"
"40202760086","0x383FB8793294D82B3c20bf04c10f4B9B9cB2ACA7","0xCBE408A5E4ae1BdB9e767f6345f2Ab6638D4ACbb"
"40202760092","0x383FB8793294D82B3c20bf04c10f4B9B9cB2ACA7","0xCBE408A5E4ae1BdB9e767f6345f2Ab6638D4ACbb"
"40202760100","0x383FB8793294D82B3c20bf04c10f4B9B9cB2ACA7","0xCBE408A5E4ae1BdB9e767f6345f2Ab6638D4ACbb"